x,f(x),S1(n=1),S2(n=2),S3(n=3),S4(n=4),S5(n=5),S6(n=6),S7(n=7),f(x)=S1+S2,f(x)=S1+S2+S3,f(x)=S1+...+S5,f(x)=S1+...+S7
0.00,0.00,0.424413182,0.084882636,0.036378273,0.020210152,0.012861006,0.008903773,0.006529434,0.127323954,0.090945682,0.057874525,0.042441318
0.02,0.02,0.424073696,0.084611157,0.036116663,0.019952013,0.012604642,0.008648573,0.006275148,0.127934919,0.091818256,0.059261601,0.044337881
0.04,0.04,0.423055784,0.083798454,0.035335598,0.019184192,0.011845771,0.007897601,0.005532096,0.129765534,0.094429937,0.063399974,0.049970277
0.06,0.06,0.421361072,0.082449728,0.03404631,0.017926302,0.010614646,0.006693908,0.004358154,0.132808972,0.098762663,0.070221715,0.059169653
0.08,0.08,0.418992272,0.080573605,0.032267343,0.016210477,0.008960349,0.005106492,0.00284476,0.137053895,0.104786552,0.079615727,0.071664475
0.10,0.10,0.415953174,0.078182085,0.030024284,0.014080548,0.006948831,0.003226351,0.001109789,0.142484513,0.112460228,0.091430849,0.087094709
0.12,0.12,0.41224864,0.075290467,0.027349394,0.011590926,0.004660285,0.001161263,-0.000711622,0.149080665,0.121731271,0.10548006,0.105030419
0.14,0.14,0.407884596,0.071917247,0.024281145,0.008805208,0.002185948,-0.000970393,-0.002477605,0.156817929,0.132536784,0.121545627,0.124993626
0.16,0.16,0.402868024,0.068084003,0.020863666,0.005794558,-0.000375535,-0.003046423,-0.00405061,0.165667746,0.14480408,0.139385057,0.14648209
0.18,0.18,0.397206949,0.063815252,0.017146112,0.002635883,-0.002922047,-0.004947819,-0.005308116,0.175597572,0.15845146,0.158737624,0.16899356
0.20,0.20,0.390910427,0.059138302,0.013181949,-0.000590127,-0.005352067,-0.006565586,-0.006152178,0.186571043,0.173389094,0.179331288,0.192049052
0.22,0.22,0.383988532,0.054083069,0.009028194,-0.003801061,-0.007568716,-0.007806987,-0.006517052,0.198548172,0.189519977,0.200889755,0.215213795
0.24,0.24,0.376452337,0.048681888,0.004744589,-0.006914896,-0.009483625,-0.008600861,-0.006374319,0.211485547,0.206740958,0.223139478,0.238114658
0.26,0.26,0.368313899,0.04296931,0.000392744,-0.009852087,-0.011020451,-0.008901697,-0.005735095,0.225336563,0.224943819,0.245816357,0.26045315
0.28,0.28,0.359586237,0.036981875,-0.00396475,-0.012537602,-0.012117927,-0.008692253,-0.00464917,0.24005166,0.24401641,0.268671939,0.282013362
0.30,0.30,0.350283314,0.030757881,-0.00826522,-0.014902839,-0.012732299,-0.007984533,-0.003201125,0.255578577,0.263843796,0.291478934,0.302664593
0.32,0.31,0.340420013,0.024337143,-0.012446813,-0.016887376,-0.012839075,-0.006819108,-0.001503748,0.271862617,0.28430943,0.314035881,0.322358736
0.34,0.33,0.330012111,0.01776073,-0.016449388,-0.018440518,-0.012433997,-0.005262784,0.000310756,0.288846931,0.305296319,0.336170833,0.341122862
0.36,0.35,0.319076261,0.011070708,-0.020215375,-0.019522588,-0.011533215,-0.003404775,0.002101054,0.306472803,0.326688178,0.357743981,0.359047702
0.38,0.37,0.307629957,0.004309872,-0.02369061,-0.020105946,-0.01017264,-0.001351591,0.003727704,0.324679943,0.348370553,0.378649139,0.376273027
0.40,0.39,0.295691511,-0.002478532,-0.02682511,-0.020175689,-0.008406514,0.000779071,0.005064006,0.343406794,0.370231903,0.398814106,0.392971029
0.42,0.41,0.283280022,-0.009251083,-0.029573791,-0.019730035,-0.006305247,0.002865074,0.006005877,0.362590834,0.392164625,0.418199906,0.409328955
0.44,0.43,0.270415344,-0.015964458,-0.03189712,-0.018780368,-0.00395261,0.00478684,0.006479955,0.382168886,0.414066006,0.436798984,0.425532189
0.46,0.44,0.25711806,-0.022575715,-0.033761682,-0.017350949,-0.001442394,0.006434204,0.006449316,0.402077427,0.435839109,0.454632453,0.441748933
0.48,0.46,0.243409442,-0.029042564,-0.035140659,-0.015478293,0.001125325,0.007712734,0.005916345,0.422252895,0.457393554,0.471746522,0.458117443
0.50,0.48,0.229311421,-0.035323641,-0.036014217,-0.013210237,0.003648181,0.008549138,0.004922555,0.442631992,0.478646209,0.488208265,0.474736572
0.52,0.50,0.21484655,-0.041378766,-0.036369792,-0.010604719,0.006025595,0.008895472,0.003545351,0.463151988,0.499521781,0.504100905,0.491660082
0.54,0.51,0.200037971,-0.047169209,-0.036202271,-0.0077283,0.008162789,0.008731881,0.001892003,0.48375101,0.519953281,0.519518792,0.508894908
0.56,0.53,0.184909373,-0.052657929,-0.035514062,-0.004654457,0.009974557,0.008067743,9.12892E-05,0.504368328,0.539882391,0.534562291,0.526403259
0.58,0.55,0.16948496,-0.057809819,-0.034315064,-0.001461715,0.011388671,0.006941129,-0.001716536,0.524944631,0.559259695,0.549332739,0.544108145
0.60,0.56,0.153789407,-0.062591923,-0.032622522,0.001768368,0.012348755,0.005416622,-0.003390661,0.545422287,0.57804481,0.563927687,0.561901725
0.62,0.58,0.137847824,-0.066973652,-0.030460779,0.004953277,0.012816533,0.003581612,-0.00480069,0.5657456,0.596206379,0.578436569,0.579655647
0.64,0.60,0.121685714,-0.070926978,-0.027860927,0.008011652,0.012773357,0.00154129,-0.005836799,0.585861036,0.613721963,0.592936955,0.597232464
0.66,0.61,0.105328933,-0.074426614,-0.024860359,0.010865366,0.012220947,-0.000587386,-0.006418283,0.605717453,0.630577812,0.6074915,0.614497169
0.68,0.63,0.088803648,-0.077450174,-0.021502231,0.01344152,0.011181326,-0.00268239,-0.006499854,0.625266298,0.646768529,0.622145683,0.631327927
0.70,0.64,0.072136296,-0.079978316,-0.017834842,0.015674304,0.009695941,-0.004623628,-0.006075157,0.644461793,0.662296635,0.63692639,0.647625175
0.72,0.66,0.055353541,-0.081994871,-0.013910939,0.017506681,0.00782401,-0.006299822,-0.00517727,0.663261102,0.677172041,0.65184135,0.663318443
0.74,0.67,0.038482233,-0.083486938,-0.00978696,0.018891843,0.00564016,-0.007614884,-0.003876131,0.681624477,0.691411437,0.666879435,0.67837045
0.76,0.69,0.021549361,-0.084444973,-0.005522217,0.019794404,0.003231454,-0.00849343,-0.002273084,0.699515385,0.705037602,0.682011743,0.692778257
0.78,0.70,0.004582014,-0.084862849,-0.001178049,0.020191309,0.000693921,-0.008885099,-0.000492988,0.716900607,0.718078656,0.697193427,0.706571513
0.80,0.72,-0.012392662,-0.084737892,0.003183062,0.020072418,-0.001871277,-0.008767437,0.001325507,0.733750327,0.730567265,0.712366124,0.719808055
0.82,0.73,-0.029347513,-0.084070902,0.007498392,0.019440768,-0.004361873,-0.008147191,0.003040759,0.750038188,0.742539796,0.727460901,0.732567333
0.84,0.74,-0.046255414,-0.082866145,0.011705874,0.018312495,-0.006678574,-0.007059914,0.004519169,0.765741332,0.754035458,0.742401536,0.744942282
0.86,0.76,-0.063089317,-0.081131328,0.015744995,0.016716422,-0.008729022,-0.005567935,0.005645584,0.780840417,0.765095422,0.757108022,0.757030373
0.88,0.77,-0.07982229,-0.078877547,0.019557659,0.014693321,-0.010431472,-0.003756779,0.006332271,0.795319609,0.77576195,0.771500101,0.768924609
0.90,0.78,-0.096427564,-0.076119219,0.023089031,0.012294872,-0.011718051,-0.001730269,0.006525742,0.809166555,0.786077524,0.785500703,0.780705231
0.92,0.80,-0.112878575,-0.072873987,0.026288319,0.009582346,-0.012537469,0.000395426,0.006210929,0.822372334,0.796084015,0.799039138,0.792432784
0.94,0.81,-0.129149004,-0.069162611,0.02910951,0.006625034,-0.012857058,0.002498455,0.005412352,0.834931387,0.805821877,0.812053901,0.804143094
0.96,0.82,-0.145212822,-0.06500883,0.031512026,0.003498483,-0.012664076,0.004458261,0.004192211,0.846841424,0.815329398,0.824494991,0.815844518
0.98,0.83,-0.161044331,-0.060439214,0.033461314,0.000282562,-0.011966217,0.006162503,0.002645544,0.858103317,0.824642003,0.836325659,0.827517613
1.00,0.84,-0.176618203,-0.055482994,0.034929337,-0.002940578,-0.010791304,0.007513484,0.000892817,0.868720969,0.833791632,0.847523514,0.839117213
1.02,0.85,-0.191909524,-0.050171872,0.03589498,-0.006088599,-0.009186174,0.008433762,-0.000929451,0.878701168,0.842806188,0.858080961,0.85057665
1.04,0.86,-0.20689383,-0.044539821,0.036344356,-0.009081084,-0.007214822,0.008870583,-0.002679325,0.888053423,0.851709067,0.868004973,0.861813714
1.06,0.87,-0.22154715,-0.038622867,0.036271001,-0.011841589,-0.004955837,0.008798906,-0.004220508,0.89678979,0.860518789,0.877316215,0.872737817
1.08,0.88,-0.235846043,-0.032458858,0.035675969,-0.014299596,-0.002499278,0.00822284,-0.00543296,0.904924674,0.869248704,0.886047578,0.883257697
1.10,0.89,-0.249767632,-0.026087224,0.03456782,-0.016392313,5.69189E-05,0.007175408,-0.006222243,0.912474628,0.877906808,0.894242202,0.893289036
1.12,0.90,-0.263289645,-0.019548721,0.032962492,-0.018066281,0.002610847,0.005716652,-0.006526881,0.919458139,0.886495647,0.901951081,0.90276131
1.14,0.91,-0.276390452,-0.012885172,0.030883073,-0.019278738,0.005060688,0.003930195,-0.006323146,0.925895397,0.895012324,0.909230374,0.911623326
1.16,0.92,-0.289049093,-0.006139202,0.028359471,-0.019998712,0.007308776,0.001918442,-0.005626907,0.931808068,0.903448597,0.916138533,0.919846998
1.18,0.92,-0.301245317,0.000646037,0.025427982,-0.02020781,0.009265486,-0.000203283,-0.004492393,0.937219052,0.91179107,0.922733394,0.92742907
1.20,0.93,-0.312959613,0.007427144,0.02213077,-0.019900691,0.01085281,-0.002313355,-0.00300797,0.942152241,0.920021471,0.929069351,0.934390676
1.22,0.94,-0.32417324,0.014160743,0.018515257,-0.0190852,0.012007467,-0.004290816,-0.00128926,0.946632269,0.928117012,0.935194744,0.94077482
1.24,0.95,-0.334868259,0.020803762,0.014633444,-0.017782169,0.012683425,-0.00602231,0.000529871,0.95068427,0.936050826,0.94114957,0.94664201
1.26,0.95,-0.345027561,0.027313707,0.010541162,-0.016024885,0.012853734,-0.007408581,0.002307729,0.954333626,0.943792464,0.946963615,0.952064467
1.28,0.96,-0.354634891,0.033648938,0.006297269,-0.013858238,0.012511605,-0.008370162,0.003905841,0.957605726,0.951308457,0.95265509,0.957119411
1.30,0.96,-0.363674882,0.03976893,0.001962805,-0.011337577,0.011670678,-0.008851932,0.005199731,0.960525724,0.958562919,0.958229818,0.961882019
1.32,0.97,-0.372133071,0.045634537,-0.00239989,-0.008527292,0.010364478,-0.008826273,0.006088617,0.963118306,0.965518196,0.96368101,0.966418665
1.34,0.97,-0.379995925,0.051208239,-0.006728068,-0.005499174,0.008645079,-0.008294656,0.006503267,0.965407459,0.972135527,0.968989622,0.970781011
1.36,0.98,-0.387250868,0.056454383,-0.010959478,-0.002330577,0.006581028,-0.007287556,0.006411383,0.967416258,0.978375736,0.974125285,0.975001458
1.38,0.98,-0.393886292,0.061339411,-0.015033261,0.000897555,0.004254612,-0.005862704,0.005820122,0.969166653,0.984199914,0.979047747,0.979090328
1.40,0.99,-0.399891581,0.065832076,-0.018890824,0.004102759,0.001758578,-0.004101778,0.004775537,0.970679277,0.989570102,0.983708764,0.983035005
1.42,0.99,-0.40525713,0.069903641,-0.022476686,0.007203156,-0.000807565,-0.002105721,0.003358989,0.971973261,0.994449947,0.988054356,0.986801087
1.44,0.99,-0.409974353,0.073528061,-0.025739272,0.010119546,-0.003341512,1.10443E-05,0.001680813,0.973066064,0.998805336,0.992027303,0.990335446
1.46,0.99,-0.414035705,0.076682153,-0.028631657,0.012777427,-0.005742245,0.002127176,-0.00012828,0.973973325,1.002604982,0.9955698,0.993570904
1.48,1.00,-0.417434688,0.07934574,-0.03111224,0.015108903,-0.007914052,0.00412137,-0.001927382,0.974708721,1.005820961,0.99862611,0.996432122
1.50,1.00,-0.420165865,0.081501785,-0.033145345,0.017054416,-0.00977035,0.00587931,-0.003576362,0.975283852,1.008429197,1.001145132,0.998842183
1.52,1.00,-0.422224866,0.083136497,-0.034701729,0.018564267,-0.011237136,0.007300224,-0.004946782,0.975708141,1.010409871,1.00308274,1.000729297
1.54,1.00,-0.423608397,0.084239419,-0.035759008,0.019599885,-0.012255933,0.00830266,-0.005931901,0.97598875,1.011747758,1.004403806,1.002033047
1.56,1.00,-0.424314246,0.084803497,-0.036301974,0.020134816,-0.012786124,0.008829154,-0.00645499,0.976130521,1.012432496,1.005083804,1.00270964
1.58,1.00,-0.424341282,0.084825121,-0.03632282,0.020155394,-0.012806573,0.008849525,-0.006475305,0.976135933,1.012458752,1.005109931,1.002735712
1.60,1.00,-0.423689462,0.084304154,-0.035821243,0.019661094,-0.012316464,0.008362605,-0.005991265,0.97600508,1.011826323,1.004481694,1.002110354
1.62,1.00,-0.42235983,0.083243928,-0.03480446,0.018664542,-0.011335336,0.007396307,-0.00504057,0.975735674,1.010540133,1.003210928,1.000855191
1.64,1.00,-0.420354512,0.081651226,-0.033287094,0.017191197,-0.009902305,0.006006022,-0.00369727,0.975323058,1.008610152,1.00132126,0.999012507
1.66,1.00,-0.417676716,0.079536233,-0.031290968,0.015278695,-0.0080745,0.004271448,-0.002065992,0.974760255,1.006051223,0.998847027,0.996641571
1.68,0.99,-0.414330727,0.076912481,-0.028844793,0.012975893,-0.00592479,0.002292018,-0.000273796,0.974038018,1.002882811,0.995831708,0.993813487
1.70,0.99,-0.410321897,0.073796751,-0.025983751,0.010341615,-0.003538877,0.000181199,0.001539725,0.973144918,0.999128669,0.992325931,0.990605006
1.72,0.99,-0.405656639,0.070208974,-0.022748991,0.007443157,-0.001011881,-0.001940006,0.003233319,0.972067438,0.99481643,0.988385153,0.98709184
1.74,0.99,-0.400342418,0.066172099,-0.01918704,0.00435456,0.001555456,-0.003950003,0.004675073,0.970790092,0.989977131,0.984067115,0.983342046
1.76,0.98,-0.394387734,0.061711948,-0.015349126,0.001154723,0.004060782,-0.005733569,0.005752689,0.969295558,0.984644684,0.979429179,0.979410059
1.78,0.98,-0.387802114,0.056857051,-0.01129045,-0.002074611,0.006404217,-0.007188464,0.006382233,0.967564835,0.978855285,0.974525678,0.975331909
1.80,0.97,-0.380596093,0.051638463,-0.007069386,-0.005250948,0.008492337,-0.008231287,0.00651467,0.965577402,0.972646788,0.969405399,0.971122016
1.82,0.97,-0.372781199,0.046089566,-0.002746646,-0.008293148,0.010241894,-0.008802259,0.006139686,0.963311406,0.966058051,0.964109306,0.966771879
1.84,0.96,-0.364369935,0.040245852,0.001615599,-0.011123495,0.011583138,-0.00886865,0.005286487,0.960743855,0.959128256,0.958668613,0.962250777
1.86,0.96,-0.355375757,0.034144702,0.005954607,-0.013669688,0.0124626,-0.008426655,0.004021528,0.957850827,0.95189622,0.953103308,0.957508435
1.88,0.95,-0.345813054,0.027825143,0.010207972,-0.015866683,0.012845217,-0.007501609,0.002443336,0.954607683,0.944399711,0.947421178,0.952479451
1.90,0.95,-0.335697123,0.021327598,0.014314518,-0.017658357,0.012715736,-0.006146541,0.000674834,0.950989298,0.93667478,0.941617401,0.947089107
1.92,0.94,-0.325044149,0.014693629,0.018215182,-0.01899894,0.012079318,-0.004439128,-0.001146229,0.946970292,0.92875511,0.935674732,0.941260089
1.94,0.93,-0.313871173,0.007965671,0.021853863,-0.019854187,0.010961336,-0.002477246,-0.002878014,0.942525275,0.920671412,0.929564263,0.934919523
1.96,0.93,-0.302196071,0.001186759,0.025178225,-0.02020225,0.009406361,-0.000373358,-0.004385633,0.937629084,0.912450859,0.923246749,0.92800574
1.98,0.92,-0.290037519,-0.005599743,0.028140455,-0.020034238,0.007476383,0.001751932,-0.005551659,0.932257034,0.904116579,0.916674434,0.920474162
2.00,0.91,-0.277414969,-0.012350426,0.030697949,-0.019354443,0.005248346,0.003776794,-0.006285271,0.926385168,0.895687218,0.909793316,0.912301793
2.02,0.90,-0.264348614,-0.019022109,0.032813923,-0.01818023,0.002811073,0.005585155,-0.006529329,0.919990495,0.887176572,0.902545729,0.903489903
2.04,0.89,-0.250859358,-0.025572115,0.034457943,-0.016541596,0.000261732,0.007073352,-0.006264823,0.913051245,0.878593302,0.894873165,0.894064636
2.06,0.88,-0.23696878,-0.031958547,0.035606364,-0.014480399,-0.002298043,0.008156076,-0.005512355,0.9055471,0.869940736,0.886719177,0.884075456
2.08,0.87,-0.222699103,-0.038140553,0.036242668,-0.012049294,-0.004766203,0.008771261,-0.004330535,0.897459429,0.86121676,0.878032257,0.873591531
2.10,0.86,-0.208073155,-0.04407859,0.036357704,-0.009310384,-0.007044349,0.008883641,-0.002811413,0.888771517,0.852413813,0.868768546,0.862696319
2.12,0.85,-0.193114334,-0.049734674,0.035949817,-0.006333637,-0.009041659,0.008486776,-0.001073313,0.879468781,0.843518964,0.85889426,0.851480798
2.14,0.84,-0.177846572,-0.055072626,0.035024873,-0.003195094,-0.010678507,0.007603414,0.000748386,0.86953897,0.834514097,0.848387699,0.840035899
2.16,0.83,-0.162294292,-0.060058301,0.033596176,2.50688E-05,-0.011889637,0.006284193,0.002511795,0.858972366,0.82537619,0.837240758,0.82844477
2.18,0.82,-0.146482377,-0.064659808,0.031684274,0.003244591,-0.012626764,0.004604737,0.004079562,0.847761958,0.816077684,0.825459856,0.816775557
2.20,0.81,-0.130436121,-0.068847713,0.029316666,0.006381229,-0.012860502,0.002661319,0.005329575,0.835903607,0.80658694,0.813066213,0.805075319
2.22,0.80,-0.114181195,-0.072595228,0.026527405,0.009354856,-0.012581532,0.000565343,0.006164473,0.823396195,0.796868791,0.800095467,0.793365651
2.24,0.78,-0.097743604,-0.075878381,0.023356607,0.012089509,-0.011800976,-0.00156304,0.006519225,0.810241757,0.78688515,0.786596618,0.781640433
2.26,0.77,-0.081149643,-0.078676171,0.019849877,0.01451533,-0.010549953,-0.003601824,0.0063662,0.796445586,0.776595709,0.772630333,0.769865956
2.28,0.76,-0.064425861,-0.080970702,0.016057652,0.01657035,-0.008878336,-0.005434136,0.005717318,0.782016335,0.765958683,0.758266669,0.757983487
2.30,0.75,-0.047599011,-0.082747297,0.012034474,0.018202074,-0.006852768,-0.006954942,0.004623119,0.76696608,0.754931606,0.7435823,0.745914123
2.32,0.73,-0.030696012,-0.083994591,0.007838207,0.019368818,-0.004554002,-0.008077063,0.003168829,0.751310376,0.743472169,0.728657352,0.733565586
2.34,0.72,-0.013743907,-0.084704607,0.003529206,0.020040778,-0.002073682,-0.008736173,0.001467722,0.735068286,0.73153908,0.713571985,0.720840436
2.36,0.70,0.003230186,-0.084872802,-0.000830555,0.020200786,0.000489309,-0.008894491,-0.000347705,0.718262389,0.719092944,0.698402849,0.707645045
2.38,0.69,0.020199111,-0.084498102,-0.00517837,0.019844757,0.003032793,-0.00854294,-0.002136049,0.700918763,0.706097133,0.683219583,0.693898573
2.40,0.68,0.037135722,-0.083582901,-0.009451707,0.018981786,0.005455369,-0.007701674,-0.003758019,0.683066952,0.692518658,0.668081504,0.679541196
2.42,0.66,0.054012924,-0.082133055,-0.013589102,0.017633916,0.007660456,-0.006418916,-0.005087279,0.664739904,0.678329006,0.653034634,0.664540829
2.44,0.65,0.070803716,-0.080157838,-0.017531048,0.01583558,0.009560146,-0.0047682,-0.006020296,0.645973895,0.663504943,0.638109217,0.648897713
2.46,0.63,0.087481238,-0.077669885,-0.02122085,0.013632717,0.011078702,-0.002844152,-0.006484397,0.626808419,0.64802927,0.62331785,0.632646399
2.48,0.61,0.104018808,-0.074685109,-0.024605439,0.011081601,0.012155586,-0.000757065,-0.006443434,0.607286073,0.631891512,0.608654325,0.615854825
2.50,0.60,0.120389971,-0.071222603,-0.027636134,0.0082474,0.012747865,0.00137342,-0.005900598,0.587452405,0.615088539,0.594093274,0.598620452
2.52,0.58,0.136568535,-0.067304516,-0.030269346,0.005202516,0.012831927,0.003425175,-0.00489817,0.567355754,0.5976251,0.579590657,0.581063652
2.54,0.57,0.152528618,-0.06295591,-0.032467203,0.002024732,0.01240442,0.005280585,-0.003514227,0.547047064,0.579514266,0.565085115,0.563318757
2.56,0.55,0.168244689,-0.0582046,-0.034198092,-0.001204775,0.011482388,0.00683329,-0.001856564,0.526579684,0.560777776,0.550500163,0.545523437
2.58,0.53,0.183691604,-0.05308098,-0.03543712,-0.004403506,0.01010259,0.007994283,-5.4295E-05,0.506009149,0.541446268,0.535747185,0.527807196
2.60,0.52,0.198844651,-0.047617823,-0.036166465,-0.007489747,0.008320033,0.008697012,0.001752203,0.485392944,0.521559409,0.520729123,0.510279908
2.62,0.50,0.213679589,-0.041850074,-0.036375637,-0.01038466,0.006205783,0.008901193,0.003422223,0.464790257,0.501165894,0.505344771,0.493021354
2.64,0.48,0.228172686,-0.035814627,-0.036061629,-0.013014291,0.003844128,0.008595122,0.00482569,0.444261713,0.480323343,0.489493506,0.476072695
2.66,0.46,0.242300755,-0.029550089,-0.035228956,-0.015311467,0.001329219,0.007796343,0.005853287,0.423869106,0.459098063,0.473080311,0.459430681
2.68,0.45,0.256041195,-0.023096531,-0.033889595,-0.017217505,-0.001238681,0.006550646,0.006424978,0.403675109,0.437564704,0.456020891,0.443045267
2.70,0.43,0.269372023,-0.016495235,-0.032062809,-0.018683715,-0.003757199,0.00492944,0.006496232,0.383742984,0.415805793,0.438246707,0.426821035
2.72,0.41,0.282271913,-0.009788425,-0.029774872,-0.01967264,-0.006125929,0.003025658,0.006061501,0.364136284,0.393911156,0.419709725,0.410622567
2.74,0.39,0.294720229,-0.003019002,-0.027058691,-0.02015902,-0.008250438,0.000948433,0.005154644,0.344918546,0.371977237,0.400386695,0.394283617
2.76,0.37,0.306697055,0.003769731,-0.023953333,-0.020130429,-0.010046028,-0.001183159,0.003846297,0.326152986,0.350106319,0.380282775,0.377619638
2.78,0.35,0.318183231,0.010534352,-0.02050346,-0.019587597,-0.011441114,-0.003246929,0.002238365,0.30790219,0.328405649,0.35943436,0.360442924
2.80,0.33,0.329160382,0.017231588,-0.016758691,-0.018544391,-0.012380079,-0.005124571,0.000456089,0.290227802,0.306986494,0.337910964,0.342579446
2.82,0.32,0.339610947,0.023818601,-0.012772887,-0.017027461,-0.01282549,-0.006708452,-0.001361711,0.273190225,0.285963112,0.315816063,0.323886227
2.84,0.30,0.349518206,0.030253256,-0.008603374,-0.015075558,-0.012759589,-0.007907777,-0.00307345,0.25684831,0.265451684,0.29328683,0.304268057
2.86,0.28,0.358866311,0.036494394,-0.004310121,-0.012738542,-0.012185003,-0.008653797,-0.004545799,0.241259067,0.245569188,0.270492733,0.283692329
2.88,0.26,0.367640306,0.042502092,4.51238E-05,-0.010076115,-0.01112464,-0.008903746,-0.005664081,0.226477374,0.22643225,0.247633005,0.262200831
2.90,0.24,0.375826156,0.048237922,0.004399719,-0.007156289,-0.009620772,-0.008643296,-0.006341192,0.212555695,0.208155976,0.224933037,0.239917524
2.92,0.22,0.383410763,0.053665194,0.008691035,-0.004053653,-0.007733355,-0.007887377,-0.006524393,0.199543816,0.190852781,0.202639788,0.217051558
2.94,0.20,0.390381995,0.058749191,0.012857349,-0.000847464,-0.005537633,-0.006679322,-0.006199415,0.187488586,0.174631236,0.181016333,0.19389507
2.96,0.18,0.3967287,0.063457394,0.01683874,0.002380373,-0.003121143,-0.005088381,-0.00539157,0.176433678,0.159594938,0.160335707,0.170815659
2.98,0.16,0.402440723,0.067759687,0.020577944,0.005547403,-0.000580223,-0.003205754,-0.00416378,0.166419363,0.145841419,0.140874238,0.148243773
3.00,0.14,0.407508926,0.071628549,0.024021181,0.008572722,0.001983829,-0.00113936,-0.002611678,0.157482297,0.133461116,0.122904565,0.126655603
3.02,0.12,0.411925203,0.075039232,0.027118928,0.011379047,0.004468791,0.000992347,-0.000856153,0.149655338,0.12253641,0.106688571,0.106552377
3.04,0.10,0.415682486,0.077969921,0.029826631,0.01389469,0.006775597,0.003067169,0.000966056,0.142967365,0.113140735,0.092470448,0.088437223
3.06,0.08,0.418774767,0.080401868,0.032105345,0.016055386,0.008812282,0.004966168,0.00271302,0.137443138,0.105337793,0.080470125,0.072790937
3.08,0.06,0.421197097,0.082319517,0.033922297,0.017805941,0.010497648,0.006580486,0.004248669,0.133103158,0.099180861,0.070877272,0.060048117
3.10,0.04,0.422945602,0.083710603,0.035251354,0.019101635,0.011764506,0.007817584,0.005453393,0.129963568,0.094712214,0.063846073,0.050575096
3.12,0.02,0.424017484,0.084566226,0.0360734,0.01990937,0.012562351,0.008606547,0.006233357,0.128036063,0.091962663,0.059490942,0.044651038
3.14,0.00,0.424411028,0.084880914,0.036376612,0.020208511,0.012859374,0.008902147,0.006527811,0.12732783,0.090951218,0.057883333,0.042453375
3.16,0.02,0.424125606,0.084652654,0.036156629,0.019991417,0.012643735,0.00868744,0.006313818,0.127841513,0.091684884,0.059049732,0.044048473
3.18,0.04,0.423161673,0.083882905,0.035416615,0.019263634,0.01192403,0.007974734,0.005608049,0.129575194,0.094158579,0.062970915,0.049388132
3.20,0.06,0.421520771,0.082576593,0.034167214,0.018043753,0.010728951,0.006804884,0.004465473,0.132522408,0.098355194,0.06958249,0.058312134
3.22,0.08,0.419205526,0.080742072,0.032426395,0.016362936,0.009106143,0.005244951,0.002975085,0.136672174,0.104245779,0.0787767,0.070556664
3.24,0.10,0.416219642,0.078391077,0.030219196,0.014264121,0.007120302,0.003384355,0.001252971,0.142009053,0.111789857,0.090405434,0.085768108
3.26,0.12,0.412567895,0.075538647,0.027577362,0.011800923,0.004850597,0.001329755,-0.000566736,0.14851323,0.120935868,0.104284348,0.10352133
3.28,0.14,0.408256128,0.072203027,0.024538891,0.009036265,0.002387514,-0.000801073,-0.002342301,0.156160617,0.131621726,0.120197948,0.123341321
3.30,0.16,0.403291238,0.068405555,0.021147483,0.006040772,-0.000170752,-0.002885979,-0.003935426,0.16492298,0.143775496,0.137905477,0.144726882
3.32,0.18,0.397681167,0.06417052,0.017451917,0.002890965,-0.002722211,-0.00480545,-0.005222024,0.174768085,0.157316167,0.157147413,0.167174887
3.34,0.20,0.391434892,0.059525013,0.013505345,-0.000332693,-0.005165143,-0.006449452,-0.006101883,0.185659867,0.172154522,0.177652359,0.190203694
3.36,0.22,0.384562405,0.054498749,0.009364529,-0.003547853,-0.007402158,-0.007723746,-0.006506472,0.197558619,0.188194089,0.1991441,0.213374318
3.38,0.24,0.377074699,0.049123879,0.005089026,-0.006672381,-0.009344072,-0.008555284,-0.006404277,0.210421194,0.205332168,0.221348621,0.236308181
3.40,0.26,0.368983755,0.043434784,0.000740329,-0.00962646,-0.010913467,-0.008896398,-0.005803259,0.224201234,0.223460905,0.244000832,0.258700489
3.42,0.27,0.360302515,0.037467854,-0.003619017,-0.012334627,-0.012047777,-0.008727534,-0.00475023,0.238849403,0.24246842,0.266850823,0.280328588
3.44,0.29,0.351044868,0.031261258,-0.007926311,-0.014727701,-0.01270178,-0.008058373,-0.00332721,0.254313646,0.262239957,0.289669437,0.30105502
3.46,0.31,0.341225625,0.024854697,-0.012119603,-0.016744549,-0.012849403,-0.006927274,-0.001645036,0.270539451,0.282659054,0.312253005,0.320825315
3.48,0.33,0.330860493,0.01828915,-0.016138582,-0.01833365,-0.012484761,-0.005399074,0.000165268,0.287470129,0.303608712,0.334427122,0.339660929
3.50,0.35,0.319966054,0.011606616,-0.019925444,-0.01945441,-0.01162239,-0.003561378,0.001962699,0.305047102,0.324972547,0.356049348,0.357648027
3.52,0.37,0.308559739,0.004849838,-0.023425724,-0.020078199,-0.010296672,-0.00151953,0.003607258,0.323210196,0.34663592,0.377010792,0.374923064
3.54,0.39,0.296659793,-0.001937962,-0.026589079,-0.020189082,-0.008560458,0.000609424,0.00497085,0.341897941,0.368487019,0.39723656,0.391656286
3.56,0.41,0.284285256,-0.008713365,-0.029370009,-0.019784226,-0.006482966,0.002703444,0.005947267,0.361047882,0.390417892,0.416685083,0.408034372
3.58,0.42,0.271455922,-0.015433033,-0.031728519,-0.018873973,-0.004147018,0.004642491,0.006460457,0.380596883,0.412325403,0.435346394,0.424243446
3.60,0.44,0.258192317,-0.022053982,-0.033630686,-0.017481577,-0.001645742,0.006315412,0.006470448,0.400481438,0.434112124,0.453239442,0.440453583
3.62,0.46,0.244515659,-0.028533861,-0.035049152,-0.015642606,0.000921145,0.007626308,0.005976461,0.420637974,0.455687127,0.470408587,0.456805819
3.64,0.48,0.230447829,-0.03483122,-0.035963516,-0.013404037,0.003451309,0.008500032,0.005016972,0.441003164,0.47696668,0.486919409,0.473402404
3.66,0.50,0.216011331,-0.040905779,-0.036360626,-0.010823057,0.00584388,0.008886501,0.003666717,0.461514221,0.497874847,0.502854025,0.490300807
3.68,0.51,0.201229261,-0.04671868,-0.036234772,-0.007965597,0.008003474,0.00876356,0.002030863,0.482109192,0.518343964,0.518306087,0.507511664
3.70,0.53,0.186125267,-0.052232741,-0.035587762,-0.004904653,0.009843994,0.008138255,0.000236828,0.502727247,0.538315009,0.533375667,0.525000584
3.72,0.55,0.170723512,-0.057412691,-0.034428903,-0.001718417,0.011292066,0.007046433,-0.001575654,0.523308951,0.557737854,0.548164205,0.542693426
3.74,0.56,0.155048636,-0.062225395,-0.032774863,0.001511717,0.012289959,0.005550681,-0.003265409,0.543796531,0.576571394,0.562769719,0.560484447
3.76,0.58,0.139125715,-0.066640069,-0.030649431,0.004703233,0.012797889,0.003736741,-0.004700825,0.564134126,0.594783557,0.577282435,0.578246518
3.78,0.60,0.122980223,-0.070628475,-0.028083176,0.007774603,0.012795609,0.001708597,-0.005770097,0.584268024,0.612351199,0.591780988,0.595842488
3.80,0.61,0.106637989,-0.074165099,-0.025113008,0.010647367,0.012283207,-0.000417492,-0.006389942,0.604146882,0.62925989,0.606329316,0.613136749
3.82,0.63,0.090125157,-0.077227319,-0.021781648,0.01324814,0.011281113,-0.002519648,-0.006512079,0.623721934,0.645503582,0.620974328,0.630006056
3.84,0.64,0.073468144,-0.079795548,-0.018137007,0.015510484,0.009829277,-0.004477368,-0.006126997,0.642947177,0.661084184,0.635744423,0.646348788
3.86,0.66,0.056693597,-0.081853358,-0.014231507,0.017376605,0.007985578,-0.006178427,-0.005264688,0.661779533,0.67601104,0.650648857,0.662091972
3.88,0.67,0.039828353,-0.083387586,-0.010121319,0.018798833,0.00582352,-0.007525313,-0.003992317,0.680179005,0.690300324,0.665677971,0.677195601
3.90,0.69,0.022899392,-0.084388418,-0.005865559,0.019740837,0.003429296,-0.008440818,-0.002408988,0.698108798,0.703974357,0.680804223,0.69165403
3.92,0.70,0.005933796,-0.084849452,-0.001525436,0.020178553,0.000898357,-0.008872461,-0.000638025,0.715535428,0.717060863,0.695983953,0.705494439
3.94,0.72,-0.011041292,-0.084767739,0.002836627,0.020100799,-0.001668396,-0.008795499,0.001182633,0.732428803,0.729592176,0.711159773,0.718772639
3.96,0.73,-0.027998716,-0.084143801,0.007157892,0.019509562,-0.004168636,-0.008214343,0.002911177,0.74876229,0.741604398,0.726263473,0.731566639
3.98,0.74,-0.044911348,-0.082981631,0.011376206,0.018419944,-0.006502686,-0.007162308,0.004412972,0.764512752,0.753136546,0.741219288,0.743968624
4.00,0.76,-0.061752132,-0.081288661,0.0154309,0.016859781,-0.008577494,-0.0056997,0.005571044,0.779660566,0.764229666,0.75594738,0.756076036
4.02,0.77,-0.078494126,-0.079075722,0.019263655,0.014868927,-0.010310344,-0.003910362,0.006295193,0.79418962,0.774925965,0.770367383,0.767982552
4.04,0.78,-0.095110546,-0.076356967,0.022819346,0.01249824,-0.011632154,-0.001896867,0.006529014,0.808087285,0.785267939,0.784401853,0.779769706
4.06,0.79,-0.111574809,-0.073149789,0.026046833,0.00980828,-0.012490226,0.000225365,0.006254297,0.82134437,0.795297537,0.797979483,0.791499822
4.08,0.81,-0.127860576,-0.069474701,0.028899695,0.006867764,-0.012850353,0.002334678,0.005492437,0.83395505,0.805055355,0.811037944,0.803210829
4.10,0.82,-0.143941794,-0.065355213,0.031336901,0.003751807,-0.012698176,0.004310157,0.004302777,0.845916779,0.814579878,0.823526247,0.814913313
4.12,0.83,-0.159792735,-0.060817674,0.033323396,0.000540009,-0.012039763,0.006038561,0.002777977,0.857230181,0.823906785,0.835406539,0.826590001
4.14,0.84,-0.175388042,-0.055891109,0.034830611,-0.002685584,-0.010901363,0.00742081,0.001036803,0.867898924,0.833068313,0.84665526,0.838197647
4.16,0.85,-0.190702766,-0.050607033,0.035836866,-0.005842573,-0.00932836,0.008377668,-0.000785127,0.877929571,0.842092705,0.857263637,0.849671096
4.18,0.86,-0.205712406,-0.044999244,0.036327689,-0.00885031,-0.007383464,0.008854285,-0.002545904,0.887331422,0.851003733,0.867237507,0.860929126
4.20,0.87,-0.22039295,-0.039103613,0.036296021,-0.011631962,-0.005144213,0.008823338,-0.004108383,0.896116335,0.859820314,0.87659649,0.871881535
4.22,0.88,-0.234720912,-0.032957853,0.035742317,-0.014116471,-0.002699879,0.008286601,-0.005350863,0.904298537,0.86855622,0.885372571,0.882436832
4.24,0.89,-0.248673371,-0.026601275,0.034674541,-0.016240369,-0.000147909,0.007274843,-0.006176569,0.911894418,0.877219877,0.893608155,0.892509881
4.26,0.90,-0.262228006,-0.020074539,0.03310805,-0.017949399,0.002409958,0.005846061,-0.006521188,0.918922317,0.885814266,0.901353708,0.902028835
4.28,0.91,-0.275363131,-0.013419395,0.031065376,-0.019199904,0.004871747,0.00408216,-0.006357877,0.925402299,0.894336923,0.90866508,0.910940797
4.30,0.92,-0.288057735,-0.006678413,0.028575897,-0.019959939,0.007139315,0.002084252,-0.005699357,0.93135592,0.902780023,0.915600647,0.919215752
4.32,0.92,-0.300291507,0.000105289,0.025675418,-0.020210089,0.009122261,-3.31328E-05,-0.004596919,0.936805991,0.911130573,0.922218401,0.926848453
4.34,0.93,-0.312044877,0.006888317,0.022405656,-0.019943964,0.010741532,-0.002148619,-0.003136431,0.941776333,0.919370676,0.928573108,0.933858158
4.36,0.94,-0.323299042,0.013627283,0.018813641,-0.019168361,0.011932571,-0.004140937,-0.001431649,0.946291532,0.927477891,0.934713681,0.940286266
4.38,0.95,-0.334035998,0.020279081,0.014951033,-0.017903094,0.012647897,-0.00589588,0.000384643,0.950376689,0.935425655,0.940680853,0.94619209
4.40,0.95,-0.344238567,0.026801162,0.01087339,-0.016180485,0.01285899,-0.007312848,0.002170976,0.954057177,0.943183787,0.946505282,0.951647154
4.42,0.96,-0.353890427,0.033151808,0.006639357,-0.014044538,0.012557437,-0.008310613,0.003788213,0.957358392,0.950719036,0.952206137,0.956728538
4.44,0.96,-0.362976139,0.039290394,0.002309832,-0.011549818,0.011755258,-0.00883198,0.005110389,0.960305517,0.957995685,0.957790246,0.961511837
4.46,0.97,-0.371481166,0.045177657,-0.002052915,-0.008760052,0.010484434,-0.008847063,0.006034522,0.962923282,0.964976197,0.963251816,0.966064357
4.48,0.97,-0.379391903,0.050775936,-0.006386135,-0.005746507,0.008795628,-0.008354996,0.006488631,0.965235739,0.971621874,0.968572753,0.970439118
4.50,0.98,-0.386695693,0.056049423,-0.010627505,-0.002586166,0.006756169,-0.007383987,0.006437346,0.967266043,0.977893548,0.973723544,0.974670185
4.52,0.98,-0.393380853,0.060964385,-0.014716023,0.000640241,0.004447363,-0.005989697,0.005884662,0.969036241,0.983752264,0.97866466,0.978769695
4.54,0.99,-0.399436688,0.065489383,-0.018592884,0.003850292,0.001961254,-0.004252054,0.004873627,0.970567077,0.989159961,0.983348415,0.982726842
4.56,0.99,-0.404853508,0.069595472,-0.022202328,0.006961986,-0.000603044,-0.002270666,0.00348299,0.971877809,0.994080138,0.987721195,0.986508872
4.58,0.99,-0.40962265,0.073256387,-0.025492443,0.009895834,-0.0031433,-0.000159115,0.001821065,0.972986035,0.998478478,0.991725945,0.990063995
4.60,0.99,-0.413736483,0.076448712,-0.028415907,0.012576887,-0.005558243,0.001961558,1.72991E-05,0.973907543,1.00232345,0.995304805,0.993325948
4.62,1.00,-0.417188426,0.079152026,-0.030930672,0.014936659,-0.007751596,0.003969786,-0.001787814,0.974656172,1.005586844,0.998401781,0.996219809
